	insert into PARTICIPANT values(1001,'Jamadagni Khamavant',to_date('2019-03-04','YYYY-MM-DD'),to_date('2019-03-12','YYYY-MM-DD'),14,'M','SRM','Jam123');
	insert into PARTICIPANT values(1002,'Krishna Tipanis',to_date('2019-03-06','YYYY-MM-DD'),to_date('2019-03-13','YYYY-MM-DD'),15,'M','MIT Jaipur','Kri123');
	insert into PARTICIPANT values(1003,'Jwala Bhavalakar',to_date('2019-03-02','YYYY-MM-DD'),to_date('2019-03-16','YYYY-MM-DD'),17,'M','MIT Sikkim','Jwa123');
	insert into PARTICIPANT values(1004,'Megaduta Misra',to_date('2019-03-05','YYYY-MM-DD'),to_date('2019-03-13','YYYY-MM-DD'),18,'M','MIT Jaipur','Meg123');
	insert into PARTICIPANT values(1005,'Abhi Prabhu',to_date('2019-03-04','YYYY-MM-DD'),to_date('2019-03-14','YYYY-MM-DD'),5,'M','MIT Sikkim','Abh123');
	insert into PARTICIPANT values(1006,'Chandrama Acharekar',to_date('2019-03-05','YYYY-MM-DD'),to_date('2019-03-13','YYYY-MM-DD'),6,'M','MIT Jaipur','Cha123');
	insert into PARTICIPANT values(1007,'Dhule Shree',to_date('2019-03-03','YYYY-MM-DD'),to_date('2019-03-12','YYYY-MM-DD'),5,'M','ISM Dhanbad','Dhu123');
	insert into PARTICIPANT values(1008,'Keshav Bhagat',to_date('2019-03-02','YYYY-MM-DD'),to_date('2019-03-10','YYYY-MM-DD'),6,'M','ISM Dhanbad','Kes123');
	insert into PARTICIPANT values(1009,'Kusika Munshi',to_date('2019-03-05','YYYY-MM-DD'),to_date('2019-03-14','YYYY-MM-DD'),14,'M','MIT Jaipur','Kus123');
	insert into PARTICIPANT values(1010,'Arpit Chetti',to_date('2019-03-06','YYYY-MM-DD'),to_date('2019-03-12','YYYY-MM-DD'),15,'M','MIT Jaipur','Arp123');
	insert into PARTICIPANT values(1011,'Draupati Devarukhkar',to_date('2019-03-05','YYYY-MM-DD'),to_date('2019-03-14','YYYY-MM-DD'),13,'F','ISM Dhanbad','Dra123');
	insert into PARTICIPANT values(1012,'Durgawati Chattarak',to_date('2019-03-07','YYYY-MM-DD'),to_date('2019-03-15','YYYY-MM-DD'),12,'F','MIT Jaipur','Dur123');
	insert into PARTICIPANT values(1013,'Kamala Dhebar',to_date('2019-03-03','YYYY-MM-DD'),to_date('2019-03-13','YYYY-MM-DD'),1,'F','ISM Dhanbad','Kam123');
	insert into PARTICIPANT values(1014,'Ananya Dhebar',to_date('2019-03-05','YYYY-MM-DD'),to_date('2019-03-12','YYYY-MM-DD'),2,'F','MIT Jaipur','Ana123');
	insert into PARTICIPANT values(1015,'Akshara Kashyap',to_date('2019-03-04','YYYY-MM-DD'),to_date('2019-03-11','YYYY-MM-DD'),13,'F','MIT Sikkim','Aks123');
	insert into PARTICIPANT values(1016,'Satya Dvivedi',to_date('2019-03-02','YYYY-MM-DD'),to_date('2019-03-10','YYYY-MM-DD'),22,'F','ISM Dhanbad','Sat123');
	insert into PARTICIPANT values(1017,'Kareena Divakar',to_date('2019-03-07','YYYY-MM-DD'),to_date('2019-03-15','YYYY-MM-DD'),22,'F','MIT Sikkim','Kar123');
	insert into PARTICIPANT values(1018,'Padmini Deshmukh',to_date('2019-03-09','YYYY-MM-DD'),to_date('2019-03-16','YYYY-MM-DD'),13,'F','ISM Dhanbad','Pad123');
	insert into PARTICIPANT values(1019,'Ashia Gandhi',to_date('2019-03-02','YYYY-MM-DD'),to_date('2019-03-11','YYYY-MM-DD'),13,'F','MIT Manipal','Ash123');
	insert into PARTICIPANT values(1020,'Sena Bakshi',to_date('2019-03-01','YYYY-MM-DD'),to_date('2019-03-10','YYYY-MM-DD'),12,'F','MIT Manipal','ena123');
	insert into PARTICIPANT values(1021,'Draupati Devarukhkar',to_date('2019-03-03','YYYY-MM-DD'),to_date('2019-03-11','YYYY-MM-DD'),14,'M','ISM Dhanbad','Dra123');
	insert into PARTICIPANT values(1022,'Durgawati Chattarak',to_date('2019-03-05','YYYY-MM-DD'),to_date('2019-03-10','YYYY-MM-DD'),13,'M','MIT Manipal','Dur123');
	insert into PARTICIPANT values(1023,'Kamala Dhebar',to_date('2019-03-06','YYYY-MM-DD'),to_date('2019-03-14','YYYY-MM-DD'),14,'M','MIT Sikkim','Kam123');
	insert into PARTICIPANT values(1024,'Ananya Dhebar',to_date('2019-03-07','YYYY-MM-DD'),to_date('2019-03-15','YYYY-MM-DD'),14,'M','MIT Jaipur','Ana123');
	insert into PARTICIPANT values(1025,'Akshara Kashyap',to_date('2019-03-05','YYYY-MM-DD'),to_date('2019-03-12','YYYY-MM-DD'),15,'M','MIT Sikkim','Aks123');
	insert into PARTICIPANT values(1026,'Satya Dvivedi',to_date('2019-03-03','YYYY-MM-DD'),to_date('2019-03-14','YYYY-MM-DD'),16,'M','MIT Manipal','Sat123');
	insert into PARTICIPANT values(1027,'Kareena Divakar',to_date('2019-03-02','YYYY-MM-DD'),to_date('2019-03-13','YYYY-MM-DD'),16,'M','MIT Jaipur','Kar123');
	insert into PARTICIPANT values(1028,'Padmini Deshmukh',to_date('2019-03-06','YYYY-MM-DD'),to_date('2019-03-15','YYYY-MM-DD'),16,'M','MIT Manipal','Pad123');
	insert into PARTICIPANT values(1029,'Ashia Gandhi',to_date('2019-03-07','YYYY-MM-DD'),to_date('2019-03-12','YYYY-MM-DD'),17,'M','MIT Sikkim','Ash123');
	insert into PARTICIPANT values(1030,'Sena Bakshi',to_date('2019-03-06','YYYY-MM-DD'),to_date('2019-03-15','YYYY-MM-DD'),18,'M','MIT Sikkim','Sen123');
    
    insert into CATEGORY values(1,'Social Media');
	insert into CATEGORY values(2,'Workshops');
	insert into CATEGORY values(3,'Informals');
	insert into CATEGORY values(4,'App Dev');
	insert into CATEGORY values(5,'Judges');
	insert into CATEGORY values(6,'Logistics');
	insert into CATEGORY values(7,'Graphics');
	insert into CATEGORY values(8,'Sponsorship');
	insert into CATEGORY values(9,'Conclave');
	insert into CATEGORY values(10,'Infodesk');
	insert into CATEGORY values(11,'Finance');
	insert into CATEGORY values(12,'Publicity');
	insert into CATEGORY values(13,'Printing');
	insert into CATEGORY values(14,'System Admin');
    insert into CATEGORY values(15,'Web Dev');
	insert into CATEGORY values(16,'Outstation');
	insert into CATEGORY values(17,'PAV');
    insert into CATEGORY values(18,'Vigilance');
    
    insert into CCMEMBERS values(2002,'Jwala Adhya','Social Media','8555836703','Jwa123');
	insert into CCMEMBERS values(2001,'Ravi Phadatare','Social Media','9655586832','Rav123');
	insert into CCMEMBERS values(2003,'Sharad Dhibar','Workshops','7555331832','Sha123');
	insert into CCMEMBERS values(2004,'Sayana Jayavant','Informals','8555514535','Say123');
	insert into CCMEMBERS values(2005,'Savyaschin Upalekar','Informals','8555011667','Sav123');
	insert into CCMEMBERS values(2006,'Omkar Misra','App Dev','7555736550','Omk123');
	insert into CCMEMBERS values(2007,'Dheeraj Bagchi','App Dev','8555219074','Dhe123');
	insert into CCMEMBERS values(2008,'Chunder Kashyap','Judges','9855579820','Chu123');
	insert into CCMEMBERS values(2009,'Katyayana Vyas','Judges','9855520850','Kat123');
	insert into CCMEMBERS values(2010,'Megh Jogalekar','Logistics','7555586426','Meg123');
	insert into CCMEMBERS values(2011,'Vijaya Muzumdar','Logistics','9055546048','Vij123');
	insert into CCMEMBERS values(2012,'Muskaanb Haldar','Graphics','8555845241','Mus123');
	insert into CCMEMBERS values(2013,'Manjistha Lata','Sponsorship','8555231288','Man123');
	insert into CCMEMBERS values(2014,'Kumari Muzumdar','Sponsorship','7555602949','Kum123');
	insert into CCMEMBERS values(2015,'Rati Dayal','Conclave','9255526959','Rat123');
	insert into CCMEMBERS values(2016,'Nupur Bhattacharya','Infodesk','7555079704','Nup123');
	insert into CCMEMBERS values(2017,'Rushpa Chadda','Finance','9155590767','Rus123');
	insert into CCMEMBERS values(2018,'Leela Thacker','Finance','8555517333','Lee123');
	insert into CCMEMBERS values(2019,'Anushree Chakarvarti','Publicity','7555908227','Anu123');
	insert into CCMEMBERS values(2020,'Kannagi Devarukhkar','Publicity','8555523205','Kan123');
	insert into CCMEMBERS values(2021,'Purshottama Ashtikar','Printing','9755531191','Pur123');
	insert into CCMEMBERS values(2022,'Dheeraj Padhya','Printing','9955588746','Dhe123');
	insert into CCMEMBERS values(2023,'Motilal Sharma','System Admin','9255571576','Mot123');
	insert into CCMEMBERS values(2024,'Vinay Mukhtar','System Admin','8555256964','Vin123');
	insert into CCMEMBERS values(2025,'Ranjan Goyal','Web Dev','8555065209','Ran123');
	insert into CCMEMBERS values(2026,'Amar Roychaudhuri','Web Dev','8555095531','Ama123');
	insert into CCMEMBERS values(2027,'Vinod Poddar','Outstation','9955549108','Vin123');
	insert into CCMEMBERS values(2028,'Aryabhata Upadhyay','PAV','9055514095','Ary123');
	insert into CCMEMBERS values(2029,'Krishan Ghoshal','Vigilance','7555228938','Kri123');
	insert into CCMEMBERS values(2030,'Chettur Kamal','Vigilance','7555188275','Che123');
    
	insert into EVENT_CATEGORY values(101,'Animania');
	insert into EVENT_CATEGORY values(102,'Anubhuti');
	insert into EVENT_CATEGORY values(103,'Crescendo');
	insert into EVENT_CATEGORY values(104,'Dramebaaz');
	insert into EVENT_CATEGORY values(105,'EQ-IQ');
	insert into EVENT_CATEGORY values(106,'Ergo');
	insert into EVENT_CATEGORY values(107,'Film Festival');
	insert into EVENT_CATEGORY values(108,'Kalakriti');
	insert into EVENT_CATEGORY values(109,'Gaming');
	insert into EVENT_CATEGORY values(110,'Psychus');
    
    insert into EVENT values('Chunin Exam','Animania','Grab some much needed unorthodox sessional prep with Chunin Exams',3);
	insert into EVENT values('Liar Game','Animania','Unleash the scheming mastermind in you!',1);
	insert into EVENT values('The Manga Project','Animania','Famous author/illustrator/mangaka: This is my masterpiece. Ha!',2);
	insert into EVENT values('Tark Vitark','Anubhuti','For love of the argument, for urge to grow, we debate. And for debating, we have TARK VITARK for you',1);
	insert into EVENT values('Antakshari','Anubhuti','Think you know hindi songs better than the others? Prove it.',2);
	insert into EVENT values('Irshaad','Anubhuti','Bring your poetry skills to test in this one-of-a-kind event',1);
	insert into EVENT values('Swara','Crescendo','Mesmerize the audience with your sur, taal and alaaps.',1);
	insert into EVENT values('Creative Jam','Crescendo','Put your thinking caps on and make music with anything that can make a sound.',5);
	insert into EVENT values('Jugalbandhi','Crescendo','Jugalbandhi allows two people to have an impromptu jam session using any instrument they prefer.',2);
	insert into EVENT values('Monoacting','Dramebaaz','A theatrical piece played by a single actor or an artist usually portraying one character.',1);
	insert into EVENT values('Mime','Dramebaaz','Come and perform a beautiful and possibly the most refined form of acting - Mime.',5);
	insert into EVENT values('Mad Ads','Dramebaaz','Experience the fun of advertising with this event.',4);
	insert into EVENT values('Mr and Ms Revels','EQ-IQ','Mr and Ms Revels is a personality pageant competition of the fest.',1);
	insert into EVENT values('Table No. 21','EQ-IQ','Table No. 21 is a thoroughly fun-filled entertainment based event.',2);
	insert into EVENT values('The Apprentice','EQ-IQ','Test your business IQ along with your negotiation and money making skills.',1);
	insert into EVENT values('Creative Writing','Ergo',' Just pick a prompt and start writing.',1);
	insert into EVENT values('Potpourri','Ergo','If you are into anagrams, crosswords and other literary games, Potpourri is the event for you!',3);
	insert into EVENT values('MELA Quiz','Ergo','Each team of size 3 answer questions on Music, Entertainment, Literature and Arts.',3);
	insert into EVENT values('Nazariya','Film Festival','This is the place where you transform your imagination into visual reality. ',1);
	insert into EVENT values('Grafik','Film Festival','Recreate your favourite movie posters in your own style',1);
	insert into EVENT values('Story Bags','Film Festival','Pull out objects from a bag and use these objects to create a story under half an hour.',3);
	insert into EVENT values('Fantasy Faces','Kalakriti','Change the look of your partner by creating a mask for them',2);
	insert into EVENT values('Achromae','Kalakriti','If you can transform vibrant hues of life to shades of gray, then this is where you belong.',1);
	insert into EVENT values('Collage','Kalakriti','Join bits and pieces to build your story and show everyone what you’ve got.',3);
	insert into EVENT values('DOTA 2','Gaming','Take on the role of a hero as you battle the enemy to defend your ancient at all costs.',5);
	insert into EVENT values('BLUR','Gaming','Race your way to victory',1);
	insert into EVENT values('PUBG Mobile','Gaming','Test your skills against fellow gamers in the mobile version of PUBG',4);
	insert into EVENT values('Lie To Me','Psychus','Rounds of this event revolve around the common theme of “Lying”.',1);
	insert into EVENT values('Cognitive Control','Psychus','An event that challenges you to escape the hardest prison there is to escape: Your Mind.',1);
	insert into EVENT values('Treacherous Ties','Psychus','Take part in this mind-boggling Crime Detective Adventure.',1);
    
insert into VOLUNTEERS values(3000,'Pramod Dhavale','Social Media','8555254712');
insert into VOLUNTEERS values(3001,'Bhima Sharma','Social Media','8555694268');
insert into VOLUNTEERS values(3002,'Bhavabhuti Bajpeyi','Social Media','9955580926');
insert into VOLUNTEERS values(3003,'Mohun Bhavalakar','Social Media','9655579862');
insert into VOLUNTEERS values(3004,'Pramod Jadhav','Social Media','8555504750');
insert into VOLUNTEERS values(3005,'Vikas Padhya','Workshops','9455551391');
insert into VOLUNTEERS values(3006,'Yogarasa Dheer','Workshops','9355564814');
insert into VOLUNTEERS values(3007,'Ramaeshwara Upalekar','Workshops','7555171714');
insert into VOLUNTEERS values(3008,'Kanada Patil','Workshops','9355556801');
insert into VOLUNTEERS values(3009,'Benegal Valimbe','Workshops','8555775805');
insert into VOLUNTEERS values(3010,'Shreya Goyal','Informals','7555181039');
insert into VOLUNTEERS values(3011,'Ujali Divekar','Informals','9555523649');
insert into VOLUNTEERS values(3012,'Sonamoni Sinha','Informals','8555443949');
insert into VOLUNTEERS values(3013,'Madri Deshmukh','Informals','7555540737');
insert into VOLUNTEERS values(3014,'Komal Chopade','Informals','8555325440');
insert into VOLUNTEERS values(3015,'Anarkali Pande','App Dev','8555608135');
insert into VOLUNTEERS values(3016,'Kalpana Pavagi','App Dev','8555469954');
insert into VOLUNTEERS values(3017,'Sumati Acharekar','App Dev','9455582556');
insert into VOLUNTEERS values(3018,'Shinu Kapudia','App Dev','7555886929');
insert into VOLUNTEERS values(3019,'Kalyani Kumar','App Dev','9155587763');
insert into VOLUNTEERS values(3020,'Ramaeshwara Upasani','Judges','7555974842');
insert into VOLUNTEERS values(3021,'Chhotu Barvadekar','Judges','8555486745');
insert into VOLUNTEERS values(3022,'Viswarupa Kapadia','Judges','7555218007');
insert into VOLUNTEERS values(3023,'Baibhav Mahanti','Judges','7555491422');
insert into VOLUNTEERS values(3024,'Anand Bhate','Judges','8555485135');
insert into VOLUNTEERS values(3025,'Ranjan Kamal','Logistics','7555882855');
insert into VOLUNTEERS values(3026,'Dhule Jadhav','Logistics','7555311965');
insert into VOLUNTEERS values(3027,'Mohun Chattarak','Logistics','8555719472');
insert into VOLUNTEERS values(3028,'Sackhcham Bhatavadekar','Logistics','7555858100');
insert into VOLUNTEERS values(3029,'Amitabh Sirasikar','Logistics','9055581757');
insert into VOLUNTEERS values(3030,'Saurandhri Sabanis','Graphics','8555091253');
insert into VOLUNTEERS values(3031,'Ujali Dongerkerry','Graphics','7555431989');
insert into VOLUNTEERS values(3032,'Sanskriti Kamath','Graphics','7555088651');
insert into VOLUNTEERS values(3033,'Aishwarya Rajavade','Graphics','9355540767');
insert into VOLUNTEERS values(3034,'Saryu Mallaya','Graphics','7555403375');
insert into VOLUNTEERS values(3035,'Sita Adwani','Sponsorship','8555995865');
insert into VOLUNTEERS values(3036,'Saurandhri Gulati','Sponsorship','8555205107');
insert into VOLUNTEERS values(3037,'Sita Nijasure','Sponsorship','9555507940');
insert into VOLUNTEERS values(3038,'Bumati Sardar','Sponsorship','9755574896');
insert into VOLUNTEERS values(3039,'Lasya Padagavakar','Sponsorship','7555258516');
insert into VOLUNTEERS values(3040,'Satya Munshi','Conclave','7555154272');
insert into VOLUNTEERS values(3041,'Rushpa Chaudhari','Conclave','7555054569');
insert into VOLUNTEERS values(3042,'Nutan Mehrotra','Conclave','8555858757');
insert into VOLUNTEERS values(3043,'Vayu Panda','Conclave','7555482724');
insert into VOLUNTEERS values(3044,'Paraminta Malhotra','Conclave','7555830260');
insert into VOLUNTEERS values(3045,'Mina Dalavi','Infodesk','7555403644');
insert into VOLUNTEERS values(3046,'Karuna Naidu','Infodesk','7555422995');
insert into VOLUNTEERS values(3047,'Anushka Patil','Infodesk','7555013761');
insert into VOLUNTEERS values(3048,'Rushpa Bandyopadhyay','Infodesk','9255570684');
insert into VOLUNTEERS values(3049,'Chhaya Chattarak','Infodesk','9655572075');
insert into VOLUNTEERS values(3050,'Ayush Bhate','Finance','9055538686');
insert into VOLUNTEERS values(3051,'Ranjit Thacker','Finance','7555098836');
insert into VOLUNTEERS values(3052,'Chettur Bhavalakar','Finance','9955555788');
insert into VOLUNTEERS values(3053,'Jhanda Mirchandani','Finance','7555893618');
insert into VOLUNTEERS values(3054,'Vrikodara Bhaumik','Finance','9755513943');
insert into VOLUNTEERS values(3055,'Jatayu Kapil','Publicity','8555505322');
insert into VOLUNTEERS values(3056,'Ramaeshwara Seth','Publicity','7555566685');
insert into VOLUNTEERS values(3057,'Peeyush Kamath','Publicity','8555194193');
insert into VOLUNTEERS values(3058,'Jeet Dheer','Publicity','8555100994');
insert into VOLUNTEERS values(3059,'Nakshatra Marwah','Publicity','8555328384');
insert into VOLUNTEERS values(3060,'Chamunda Chakarvarti','Printing','7555789193');
insert into VOLUNTEERS values(3061,'Gauri Chetti','Printing','7555022230');
insert into VOLUNTEERS values(3062,'Chamunda Gayakvad','Printing','9955531434');
insert into VOLUNTEERS values(3063,'Aditi Patil','Printing','7555599594');
insert into VOLUNTEERS values(3064,'Pari Raj','Printing','8555438921');
insert into VOLUNTEERS values(3065,'Shristi Sarkar','System Admin','7555434234');
insert into VOLUNTEERS values(3066,'Shakuntala Ashtekar','System Admin','8555385880');
insert into VOLUNTEERS values(3067,'Chhotimai Dheer','System Admin','8555882456');
insert into VOLUNTEERS values(3068,'Chandika Ayyangar','System Admin','7555523087');
insert into VOLUNTEERS values(3069,'Amandara Adwani','System Admin','9055512507');
insert into VOLUNTEERS values(3070,'Amrit Talavalakar','Web Dev','8555703473');
insert into VOLUNTEERS values(3071,'Katyayana Valimbe','Web Dev','9555529529');
insert into VOLUNTEERS values(3072,'Hira Karamchand','Web Dev','7555534882');
insert into VOLUNTEERS values(3073,'Ragunath Kanungo','Web Dev','7555282563');
insert into VOLUNTEERS values(3074,'Nakshatra Bhardvaj','Web Dev','9555591633');
insert into VOLUNTEERS values(3075,'Jawahar Bhatavadekar','Outstation','8555971419');
insert into VOLUNTEERS values(3076,'Govinda Vaknis','Outstation','9555549066');
insert into VOLUNTEERS values(3077,'Bhavabhuti Shree','Outstation','9555506809');
insert into VOLUNTEERS values(3078,'Motilal Ayyar','Outstation','9555589702');
insert into VOLUNTEERS values(3079,'Amitabh Vyas','Outstation','9755552174');
insert into VOLUNTEERS values(3080,'Uma Poddar','PAV','7555769904');
insert into VOLUNTEERS values(3081,'Dakini Vaknis','PAV','9355558664');
insert into VOLUNTEERS values(3082,'Arya Gayakvad','PAV','9955588682');
insert into VOLUNTEERS values(3083,'Draupati Phadatare','PAV','8555483420');
insert into VOLUNTEERS values(3084,'Aditi Navathe','PAV','7555116992');
insert into VOLUNTEERS values(3085,'Maya Ashtikar','Vigilance','7555290361');
insert into VOLUNTEERS values(3086,'Bhageerathi Dvivedi','Vigilance','9655589128');
insert into VOLUNTEERS values(3087,'Tivra Bandyopadhyay','Vigilance','7555864643');
insert into VOLUNTEERS values(3088,'Jayanti Dhibar','Vigilance','7555564815');
insert into VOLUNTEERS values(3089,'Bhadrakali Tamhanakar','Vigilance','8555436663');
insert into VOLUNTEERS values(3090,'Archita Haldar','1','8555461866');
insert into VOLUNTEERS values(3091,'Madri Thacker','1','7555843110');
insert into VOLUNTEERS values(3092,'Aditi Mallaya','1','9655508200');
insert into VOLUNTEERS values(3093,'Nutan Upandhye','1','9155569509');
insert into VOLUNTEERS values(3094,'Kavuri Tavade','1','8555779004');
insert into VOLUNTEERS values(3095,'Kareena Pavagi','1','9555566987');
insert into VOLUNTEERS values(3096,'Phoolan Mahanti','1','9155566863');
insert into VOLUNTEERS values(3097,'Kasturbai Satavelekar','1','8555750296');
insert into VOLUNTEERS values(3098,'Sarojini Dongerkerry','1','9555510998');
insert into VOLUNTEERS values(3099,'Dakini Pavagi','1','7555805279');
insert into VOLUNTEERS values(3100,'Vikramaditya Bhave','1','7555429276');
insert into VOLUNTEERS values(3101,'Pramod Muzumdar','1','9155546560');
insert into VOLUNTEERS values(3102,'Kusika Shrivastava','1','9355553594');
insert into VOLUNTEERS values(3103,'Vakpati Thakre','1','8555296512');
insert into VOLUNTEERS values(3104,'Aman Kashyap','1','7555210838');
insert into VOLUNTEERS values(3105,'Asvalayana Hegadi','1','9955504105');
insert into VOLUNTEERS values(3106,'Kanada Gharapure','1','7555285906');
insert into VOLUNTEERS values(3107,'Narayana Chattarak','1','7555417730');
insert into VOLUNTEERS values(3108,'Anil Ghoshal','1','8555110321');
insert into VOLUNTEERS values(3109,'Anuraag Prabhu','1','9155569343');
insert into VOLUNTEERS values(3110,'Govinda Shree','1','8555645682');
insert into VOLUNTEERS values(3111,'Amara Nijasure','1','7555080646');
insert into VOLUNTEERS values(3112,'Dhani Karamchand','1','9155581847');
insert into VOLUNTEERS values(3113,'Aryabhatta Ajagavakar','1','9355524608');
insert into VOLUNTEERS values(3114,'Nakshatra Jadhav','1','9555583241');
insert into VOLUNTEERS values(3115,'Jhanda Bhavalakar','1','7555843963');
insert into VOLUNTEERS values(3116,'Baibhav Vad','1','8555200214');
insert into VOLUNTEERS values(3117,'Daksh Nancy','1','8555434253');
insert into VOLUNTEERS values(3118,'Cyavana Mallaya','1','8555064894');
insert into VOLUNTEERS values(3119,'Vakpati Achaval','1','9355503018');

insert into JUDGES values(4001,'Veer Dhebar','Chunin Exam','Vee123');
insert into JUDGES values(4002,'Mahava Nandi','Liar Game','Mah123');
insert into JUDGES values(4003,'Kapila Muzumdar','The Manga Project','Kap123');
insert into JUDGES values(4004,'Shudraka Gurnani','Tark Vitark','Shu123');
insert into JUDGES values(4005,'Vaibhav Kumar','Antakshari','Vai123');
insert into JUDGES values(4006,'Bhima Divakar','Irshaad','Bhi123');
insert into JUDGES values(4007,'Anuraag Bhattacharya','Swara','Anu123');
insert into JUDGES values(4008,'Shudraka Satavelekar','Creative Jam','Shu123');
insert into JUDGES values(4009,'Navneet Bandyopadhyay','Jugalbandhi','Nav123');
insert into JUDGES values(4010,'Aakash Patel','Monoacting','Aak123');
insert into JUDGES values(4011,'Indira Gurnani','Mime','Ind123');
insert into JUDGES values(4012,'Radha Viswan','Mad Ads','Rad123');
insert into JUDGES values(4013,'Sarojini Chopade','Mr and Ms Revels','Sar123');
insert into JUDGES values(4014,'Jyoti Chetti','Table No. 21','Jyo123');
insert into JUDGES values(4015,'Paraminta Chattarak','The Apprentice','Par123');
insert into JUDGES values(4016,'Ashia Jagatap','MELA Quiz','Ash123');
insert into JUDGES values(4017,'Kaumari Roychaudhuri','Creative Writing','Kau123');
insert into JUDGES values(4018,'Manasa Divekar','Potpourri','Man123');
insert into JUDGES values(4019,'Indira Shrivastav','Nazariya','Ind123');
insert into JUDGES values(4020,'Saurandhri Bhaumik','Grafik','Sau123');
insert into JUDGES values(4021,'Venkata Sardar','Story Bags','Ven123');
insert into JUDGES values(4022,'Sooraj Ajagavakar','Fantasy Faces','Soo123');
insert into JUDGES values(4023,'Rajendra Gulati','Achromae','Raj123');
insert into JUDGES values(4024,'Dayananda Dheer','Collage','Day123');
insert into JUDGES values(4025,'Manas Thakur','DOTA 2','Man123');
insert into JUDGES values(4026,'Hala Gayakvad','BLUR','Hal123');
insert into JUDGES values(4027,'Sackhcham Sardar','PUBG Mobile','Sac123');
insert into JUDGES values(4028,'Anuraag Mandalik','Lie To Me','Anu123');
insert into JUDGES values(4029,'Purshottama Nan','Treacherous Ties','Pur123');
insert into JUDGES values(4030,'Sita Ashtekar','Cognitive Control','Sit123');

insert into EVENT_HEADS values(5001,'Chanda Mirchandani','Chunin Exam','7555445506','Cha123');
insert into EVENT_HEADS values(5002,'Anguri Bhattacharya','Liar Game','9655503182','Ang123');
insert into EVENT_HEADS values(5003,'Savyaschin Ghoshal','The Manga Project','9855548985','Sav123');
insert into EVENT_HEADS values(5004,'Chunder Thakre','Tark Vitark','7555464710','Chu123');
insert into EVENT_HEADS values(5005,'Pramod Hegadi','Antakshari','9955504521','Pra123');
insert into EVENT_HEADS values(5006,'Katyayana Dattachaudhuri','Irshaad','7555105954','Kat123');
insert into EVENT_HEADS values(5007,'Lakshmana Parekh','Swara','8555335223','Lak123');
insert into EVENT_HEADS values(5008,'Pandu Adwani','Creative Jam','8555047042','Pan123');
insert into EVENT_HEADS values(5009,'Mahava Ayyangar','Jugalbandhi','9655568261','Mah123');
insert into EVENT_HEADS values(5010,'Aditya Upasani','Monoacting','8555288527','Adi123');
insert into EVENT_HEADS values(5011,'Indu Vyas','Mime','9355502297','Ind123');
insert into EVENT_HEADS values(5012,'Vayu Devadhikar','Mad Ads','7555828954','Vay123');
insert into EVENT_HEADS values(5013,'Archita Bhatavadekar','Mr and Ms Revels','9855557734','Arc123');
insert into EVENT_HEADS values(5014,'Durgautti Viswan','Table No. 21','7555677330','Dur123');
insert into EVENT_HEADS values(5015,'Anu Padhi','The Apprentice','8555122583','Anu123');
insert into EVENT_HEADS values(5016,'Kusum Sanyal','MELA Quiz','8555167290','Kus123');
insert into EVENT_HEADS values(5017,'Ananya Muzumdar','Creative Writing','7555738745','Ana123');
insert into EVENT_HEADS values(5018,'Radha Bhardvaj','Potpourri','8555327061','Rad123');
insert into EVENT_HEADS values(5019,'Raktavati Karamchand','Nazariya','7555840850','Rak123');
insert into EVENT_HEADS values(5020,'Komal Ganapuli','Grafik','8555758777','Kom123');
insert into EVENT_HEADS values(5021,'Arya Chopade','Story Bags','9655582011','Ary123');
insert into EVENT_HEADS values(5022,'Sarama Gandhi','Fantasy Faces','8555443342','Sar123');
insert into EVENT_HEADS values(5023,'Shanti Gayakvad','Achromae','9455562671','Sha123');
insert into EVENT_HEADS values(5024,'Karnavati Patvardhan','Collage','9055532558','Kar123');
insert into EVENT_HEADS values(5025,'Uma Shiravadakar','DOTA 2','9455541947','Uma123');
insert into EVENT_HEADS values(5026,'Saanvi Limbu','BLUR','7555222493','Saa123');
insert into EVENT_HEADS values(5027,'Sanskriti Seth','PUBG Mobile','7555950101','San123');
insert into EVENT_HEADS values(5028,'Manasa Devarukhkar','Lie To Me','8555570034','Man123');
insert into EVENT_HEADS values(5029,'Aasiya Mahalanabis','Treacherous Ties','8555144917','Aas123');
insert into EVENT_HEADS values(5030,'Durgautti Misra','Cognitive Control','8555231750','Dur123');

insert into EVENT_ROUND values('Chunin Exam',1,'NLH 101','04-03-19 5.30PM','04-03-19 6.30PM');
insert into EVENT_ROUND values('Chunin Exam',2,'NLH 203','05-03-19 5.30PM','05-03-19 6.30PM');
insert into EVENT_ROUND values('Chunin Exam',3,'NLH 205','06-03-19 5.30PM','06-03-19 6.30PM');
insert into EVENT_ROUND values('Liar Game',1,'NLH Stage','02-03-19 1.30PM','02-03-19 2.30PM');
insert into EVENT_ROUND values('Liar Game',2,'MV Seminar Hall','03-03-19 1.30PM','03-03-19 2.30PM');
insert into EVENT_ROUND values('Liar Game',3,'AB2 202','04-03-19 1.30PM','04-03-19 2.30PM');
insert into EVENT_ROUND values('The Manga Project',1,'NLH 203','05-03-19 1.00PM','05-03-19 2.30PM');
insert into EVENT_ROUND values('The Manga Project',2,'NLH 204','06-03-19 1.00PM','06-03-19 2.30PM');
insert into EVENT_ROUND values('The Manga Project',3,'NLH 201','07-03-19 1.00PM','07-03-19 2.30PM');
insert into EVENT_ROUND values('Tark Vitark',1,'MV Seminar Hall','01-03-19 3.30PM','01-03-19 4.30PM');
insert into EVENT_ROUND values('Tark Vitark',2,'AB2 101','02-03-19 3.30PM','02-03-19 4.30PM');
insert into EVENT_ROUND values('Tark Vitark',3,'IC 404','03-03-19 3.30PM','03-03-19 4.30PM');
insert into EVENT_ROUND values('Antakshari',1,'IC 401','04-03-19 5.30PM','05-03-19 6.30PM');
insert into EVENT_ROUND values('Antakshari',2,'AB1 111','04-03-19 5.30PM','05-03-19 6.30PM');
insert into EVENT_ROUND values('Antakshari',3,'NLH Stage','04-03-19 5.30PM','05-03-19 6.30PM');
insert into EVENT_ROUND values('Irshaad',1,'NLH 404','04-03-19 5.30PM','05-03-19 6.30PM');
insert into EVENT_ROUND values('Irshaad',2,'NLH 304','04-03-19 5.30PM','05-03-19 6.30PM');
insert into EVENT_ROUND values('Irshaad',3,'Quadrangle','04-03-19 5.30PM','05-03-19 6.30PM');
insert into EVENT_ROUND values('Swara',1,'NLH 102','04-03-19 5.30PM','05-03-19 6.30PM');
insert into EVENT_ROUND values('Swara',2,'Library Auditorium','04-03-19 5.30PM','05-03-19 6.30PM');
insert into EVENT_ROUND values('Swara',3,'NLH 203','04-03-19 5.30PM','05-03-19 6.30PM');
insert into EVENT_ROUND values('Creative Jam',1,'NLH 204','11-03-19 1.00PM','11-03-19 4.30PM');
insert into EVENT_ROUND values('Creative Jam',2,'NLH 201','12-03-19 1.00PM','12-03-19 4.30PM');
insert into EVENT_ROUND values('Creative Jam',3,'MV Seminar Hall','13-03-19 1.00PM','13-03-19 4.30PM');
insert into EVENT_ROUND values('Jugalbandhi',1,'AB2 101','04-03-19 5.30PM','05-03-19 6.30PM');
insert into EVENT_ROUND values('Jugalbandhi',2,'IC 404','04-03-19 5.30PM','05-03-19 6.30PM');
insert into EVENT_ROUND values('Jugalbandhi',3,'IC 401','04-03-19 5.30PM','05-03-19 6.30PM');
insert into EVENT_ROUND values('Monoacting',1,'AB1 111','04-03-19 5.30PM','05-03-19 6.30PM');
insert into EVENT_ROUND values('Monoacting',2,'NLH Stage','04-03-19 5.30PM','05-03-19 6.30PM');
insert into EVENT_ROUND values('Monoacting',3,'NLH 404','04-03-19 5.30PM','05-03-19 6.30PM');
insert into EVENT_ROUND values('Mime',1,'NLH 304','04-03-19 5.30PM','05-03-19 6.30PM');
insert into EVENT_ROUND values('Mime',2,'Quadrangle','04-03-19 5.30PM','05-03-19 6.30PM');
insert into EVENT_ROUND values('Mime',3,'NLH 102','04-03-19 5.30PM','05-03-19 6.30PM');
insert into EVENT_ROUND values('Mad Ads',1,'Library Auditorium','04-03-19 5.30PM','05-03-19 6.30PM');
insert into EVENT_ROUND values('Mad Ads',2,'NLH 203','04-03-19 5.30PM','05-03-19 6.30PM');
insert into EVENT_ROUND values('Mad Ads',3,'NLH 204','04-03-19 5.30PM','05-03-19 6.30PM');
insert into EVENT_ROUND values('Mr and Ms Revels',1,'NLH 201','04-03-19 5.30PM','05-03-19 6.30PM');
insert into EVENT_ROUND values('Mr and Ms Revels',2,'MV Seminar Hall','04-03-19 5.30PM','05-03-19 6.30PM');
insert into EVENT_ROUND values('Mr and Ms Revels',3,'AB2 101','04-03-19 5.30PM','05-03-19 6.30PM');
insert into EVENT_ROUND values('Table No. 21',1,'IC 404','04-03-19 5.30PM','05-03-19 6.30PM');
insert into EVENT_ROUND values('Table No. 21',2,'IC 401','04-03-19 5.30PM','05-03-19 6.30PM');
insert into EVENT_ROUND values('Table No. 21',3,'AB1 111','04-03-19 5.30PM','05-03-19 6.30PM');
insert into EVENT_ROUND values('The Apprentice',1,'NLH Stage','04-03-19 5.30PM','05-03-19 6.30PM');
insert into EVENT_ROUND values('The Apprentice',2,'NLH 404','04-03-19 5.30PM','05-03-19 6.30PM');
insert into EVENT_ROUND values('The Apprentice',3,'NLH 304','04-03-19 5.30PM','05-03-19 6.30PM');
insert into EVENT_ROUND values('MELA Quiz',1,'Quadrangle','04-03-19 5.30PM','05-03-19 6.30PM');
insert into EVENT_ROUND values('MELA Quiz',2,'NLH 102','04-03-19 5.30PM','05-03-19 6.30PM');
insert into EVENT_ROUND values('MELA Quiz',3,'Library Auditorium','04-03-19 5.30PM','05-03-19 6.30PM');
insert into EVENT_ROUND values('Creative Writing',1,'NLH 203','04-03-19 5.30PM','05-03-19 6.30PM');
insert into EVENT_ROUND values('Creative Writing',2,'NLH 204','04-03-19 5.30PM','05-03-19 6.30PM');
insert into EVENT_ROUND values('Creative Writing',3,'NLH 201','04-03-19 5.30PM','05-03-19 6.30PM');
insert into EVENT_ROUND values('Potpourri',1,'MV Seminar Hall','04-03-19 5.30PM','05-03-19 6.30PM');
insert into EVENT_ROUND values('Potpourri',2,'AB2 101','04-03-19 5.30PM','05-03-19 6.30PM');
insert into EVENT_ROUND values('Potpourri',3,'IC 404','04-03-19 5.30PM','05-03-19 6.30PM');
insert into EVENT_ROUND values('Nazariya',1,'IC 401','04-03-19 5.30PM','05-03-19 6.30PM');
insert into EVENT_ROUND values('Nazariya',2,'AB1 111','04-03-19 5.30PM','05-03-19 6.30PM');
insert into EVENT_ROUND values('Nazariya',3,'NLH Stage','04-03-19 5.30PM','05-03-19 6.30PM');
insert into EVENT_ROUND values('Grafik',1,'NLH 404','04-03-19 5.30PM','05-03-19 6.30PM');
insert into EVENT_ROUND values('Grafik',2,'NLH 304','04-03-19 5.30PM','05-03-19 6.30PM');
insert into EVENT_ROUND values('Grafik',3,'Quadrangle','04-03-19 5.30PM','05-03-19 6.30PM');
insert into EVENT_ROUND values('Story Bags',1,'NLH 102','04-03-19 5.30PM','05-03-19 6.30PM');
insert into EVENT_ROUND values('Story Bags',2,'Library Auditorium','04-03-19 5.30PM','05-03-19 6.30PM');
insert into EVENT_ROUND values('Story Bags',3,'NLH 203','04-03-19 5.30PM','05-03-19 6.30PM');
insert into EVENT_ROUND values('Fantasy Faces',1,'NLH 204','04-03-19 5.30PM','05-03-19 6.30PM');
insert into EVENT_ROUND values('Fantasy Faces',2,'NLH 201','04-03-19 5.30PM','05-03-19 6.30PM');
insert into EVENT_ROUND values('Fantasy Faces',3,'MV Seminar Hall','04-03-19 5.30PM','05-03-19 6.30PM');
insert into EVENT_ROUND values('Achromae',1,'AB2 101','04-03-19 5.30PM','05-03-19 6.30PM');
insert into EVENT_ROUND values('Achromae',2,'IC 404','04-03-19 5.30PM','05-03-19 6.30PM');
insert into EVENT_ROUND values('Achromae',3,'IC 401','04-03-19 5.30PM','05-03-19 6.30PM');
insert into EVENT_ROUND values('Collage',1,'AB1 111','04-03-19 5.30PM','05-03-19 6.30PM');
insert into EVENT_ROUND values('Collage',2,'NLH Stage','04-03-19 5.30PM','05-03-19 6.30PM');
insert into EVENT_ROUND values('Collage',3,'NLH 404','04-03-19 5.30PM','05-03-19 6.30PM');
insert into EVENT_ROUND values('DOTA 2',1,'NLH 304','04-03-19 5.30PM','05-03-19 6.30PM');
insert into EVENT_ROUND values('DOTA 2',2,'Quadrangle','04-03-19 5.30PM','05-03-19 6.30PM');
insert into EVENT_ROUND values('DOTA 2',3,'NLH 102','04-03-19 5.30PM','05-03-19 6.30PM');
insert into EVENT_ROUND values('BLUR',1,'Library Auditorium','04-03-19 5.30PM','05-03-19 6.30PM');
insert into EVENT_ROUND values('BLUR',2,'NLH 203','04-03-19 5.30PM','05-03-19 6.30PM');
insert into EVENT_ROUND values('BLUR',3,'NLH 204','04-03-19 5.30PM','05-03-19 6.30PM');
insert into EVENT_ROUND values('PUBG Mobile',1,'NLH 201','04-03-19 5.30PM','05-03-19 6.30PM');
insert into EVENT_ROUND values('PUBG Mobile',2,'MV Seminar Hall','04-03-19 5.30PM','05-03-19 6.30PM');
insert into EVENT_ROUND values('PUBG Mobile',3,'AB2 101','04-03-19 5.30PM','05-03-19 6.30PM');
insert into EVENT_ROUND values('Lie To Me',1,'IC 404','04-03-19 5.30PM','05-03-19 6.30PM');
insert into EVENT_ROUND values('Lie To Me',2,'IC 401','04-03-19 5.30PM','05-03-19 6.30PM');
insert into EVENT_ROUND values('Lie To Me',3,'AB1 111','04-03-19 5.30PM','05-03-19 6.30PM');
insert into EVENT_ROUND values('Treacherous Ties',1,'NLH Stage','04-03-19 5.30PM','05-03-19 6.30PM');
insert into EVENT_ROUND values('Treacherous Ties',2,'NLH 404','04-03-19 5.30PM','05-03-19 6.30PM');
insert into EVENT_ROUND values('Treacherous Ties',3,'NLH 304','04-03-19 5.30PM','05-03-19 6.30PM');
insert into EVENT_ROUND values('Cognitive Control',1,'Quadrangle','04-03-19 5.30PM','05-03-19 6.30PM');
insert into EVENT_ROUND values('Cognitive Control',2,'NLH 102','04-03-19 5.30PM','05-03-19 6.30PM');
insert into EVENT_ROUND values('Cognitive Control',3,'Library Auditorium','04-03-19 5.30PM','05-03-19 6.30PM');

